{
  "hash": "b3328239",
  "browserHash": "2df4c589",
  "optimized": {
    "@angular/animations": {
      "src": "../../../../../node_modules/@angular/animations/fesm2022/animations.mjs",
      "file": "@angular_animations.js",
      "fileHash": "e4d20e14",
      "needsInterop": false
    },
    "@angular/common/http": {
      "src": "../../../../../node_modules/@angular/common/fesm2022/http.mjs",
      "file": "@angular_common_http.js",
      "fileHash": "21b7e210",
      "needsInterop": false
    },
    "@angular/core": {
      "src": "../../../../../node_modules/@angular/core/fesm2022/core.mjs",
      "file": "@angular_core.js",
      "fileHash": "f9704af0",
      "needsInterop": false
    },
    "@angular/platform-browser": {
      "src": "../../../../../node_modules/@angular/platform-browser/fesm2022/platform-browser.mjs",
      "file": "@angular_platform-browser.js",
      "fileHash": "b8423925",
      "needsInterop": false
    },
    "@angular/platform-browser/animations": {
      "src": "../../../../../node_modules/@angular/platform-browser/fesm2022/animations.mjs",
      "file": "@angular_platform-browser_animations.js",
      "fileHash": "c922358a",
      "needsInterop": false
    }
  },
  "chunks": {
    "chunk-EBGOR6DM": {
      "file": "chunk-EBGOR6DM.js"
    },
    "chunk-ASLAYRUZ": {
      "file": "chunk-ASLAYRUZ.js"
    },
    "chunk-6S2NJ757": {
      "file": "chunk-6S2NJ757.js"
    },
    "chunk-XJ4M7T2O": {
      "file": "chunk-XJ4M7T2O.js"
    },
    "chunk-JNPN7MVD": {
      "file": "chunk-JNPN7MVD.js"
    }
  }
}