{
  "hash": "1c54c2b7",
  "browserHash": "1e2fd44d",
  "optimized": {
    "@angular/common": {
      "src": "../../../../../node_modules/@angular/common/fesm2022/common.mjs",
      "file": "@angular_common.js",
      "fileHash": "9d608cf2",
      "needsInterop": false
    },
    "@angular/core": {
      "src": "../../../../../node_modules/@angular/core/fesm2022/core.mjs",
      "file": "@angular_core.js",
      "fileHash": "09d33c90",
      "needsInterop": false
    },
    "@angular/platform-browser": {
      "src": "../../../../../node_modules/@angular/platform-browser/fesm2022/platform-browser.mjs",
      "file": "@angular_platform-browser.js",
      "fileHash": "c27e9d37",
      "needsInterop": false
    },
    "@angular/router": {
      "src": "../../../../../node_modules/@angular/router/fesm2022/router.mjs",
      "file": "@angular_router.js",
      "fileHash": "b85cdbda",
      "needsInterop": false
    }
  },
  "chunks": {
    "chunk-NUIFYEZL": {
      "file": "chunk-NUIFYEZL.js"
    },
    "chunk-O6BBRG7T": {
      "file": "chunk-O6BBRG7T.js"
    },
    "chunk-Z2YNC7HK": {
      "file": "chunk-Z2YNC7HK.js"
    }
  }
}