{
  "hash": "242f797f",
  "configHash": "03229dfb",
  "lockfileHash": "577f4fa9",
  "browserHash": "8d92b968",
  "optimized": {
    "@angular/animations": {
      "src": "../../../../../../node_modules/@angular/animations/fesm2022/animations.mjs",
      "file": "@angular_animations.js",
      "fileHash": "5c5c3394",
      "needsInterop": false
    },
    "@angular/core": {
      "src": "../../../../../../node_modules/@angular/core/fesm2022/core.mjs",
      "file": "@angular_core.js",
      "fileHash": "8e0d6bd8",
      "needsInterop": false
    },
    "@angular/platform-browser": {
      "src": "../../../../../../node_modules/@angular/platform-browser/fesm2022/platform-browser.mjs",
      "file": "@angular_platform-browser.js",
      "fileHash": "873e0ceb",
      "needsInterop": false
    },
    "@angular/platform-browser/animations": {
      "src": "../../../../../../node_modules/@angular/platform-browser/fesm2022/animations.mjs",
      "file": "@angular_platform-browser_animations.js",
      "fileHash": "075832a0",
      "needsInterop": false
    },
    "@angular/router": {
      "src": "../../../../../../node_modules/@angular/router/fesm2022/router.mjs",
      "file": "@angular_router.js",
      "fileHash": "29470061",
      "needsInterop": false
    }
  },
  "chunks": {
    "chunk-6HK5GI5R": {
      "file": "chunk-6HK5GI5R.js"
    },
    "chunk-MDMYUIB5": {
      "file": "chunk-MDMYUIB5.js"
    },
    "chunk-US5ZB5QU": {
      "file": "chunk-US5ZB5QU.js"
    },
    "chunk-TO4CFXQS": {
      "file": "chunk-TO4CFXQS.js"
    }
  }
}